EmployeeID,Name,Age,Department,City,Salary,Experience,Rating
1,Employee_1,28,IT,Pune,61048,7,3.1
2,Employee_2,27,Marketing,Hyderabad,102397,13,2.6
3,Employee_3,26,HR,Guntur,91237,19,2.6
4,Employee_4,33,Marketing,Chennai,53893,14,4.0
5,Employee_5,21,HR,Pune,80392,10,3.2
6,Employee_6,34,Sales,Hyderabad,37156,12,2.7
7,Employee_7,43,Marketing,Vijayawada,30695,14,3.8
8,Employee_8,45,IT,Bangalore,63427,20,4.0
9,Employee_9,44,Marketing,Guntur,117349,2,2.6
10,Employee_10,35,Sales,Hyderabad,55512,3,3.5
11,Employee_11,50,Sales,Guntur,73520,11,3.0
12,Employee_12,38,IT,Bangalore,108227,5,3.8
13,Employee_13,36,HR,Chennai,74735,8,5.0
14,Employee_14,56,HR,Pune,67504,1,3.1
15,Employee_15,23,Sales,Chennai,60093,2,3.0
16,Employee_16,57,Sales,Guntur,110909,15,3.5
17,Employee_17,50,HR,Vijayawada,43301,7,4.4
18,Employee_18,55,Sales,Pune,101622,13,4.7
19,Employee_19,46,Sales,Guntur,43131,16,3.7
20,Employee_20,24,IT,Guntur,107240,5,4.5
21,Employee_21,48,Marketing,Hyderabad,75432,12,4.0
22,Employee_22,50,Marketing,Vijayawada,97512,0,4.2
23,Employee_23,28,Marketing,Vijayawada,109012,10,2.8
24,Employee_24,48,HR,Chennai,25425,8,4.9
25,Employee_25,32,Marketing,Hyderabad,106959,9,4.6
26,Employee_26,53,Marketing,Guntur,45032,11,4.4
27,Employee_27,55,Marketing,Hyderabad,103504,10,3.7
28,Employee_28,28,Sales,Vijayawada,56385,1,3.1
29,Employee_29,57,IT,Hyderabad,88699,2,4.9
30,Employee_30,55,HR,Guntur,111474,15,4.9
31,Employee_31,31,Sales,Bangalore,104507,13,4.9
32,Employee_32,55,HR,Pune,65857,12,5.0
33,Employee_33,44,Finance,Bangalore,84177,3,3.1
34,Employee_34,25,Sales,Hyderabad,102110,17,3.1
35,Employee_35,35,IT,Hyderabad,117778,20,2.6
36,Employee_36,25,IT,Vijayawada,34287,16,3.1
37,Employee_37,52,HR,Bangalore,42342,18,3.9
38,Employee_38,36,Finance,Chennai,49957,3,2.7
39,Employee_39,48,Sales,Chennai,78883,14,4.7
40,Employee_40,24,IT,Hyderabad,77772,10,4.5
41,Employee_41,27,HR,Guntur,49931,17,3.6
42,Employee_42,48,HR,Vijayawada,85637,7,4.7
43,Employee_43,25,Finance,Bangalore,37833,1,4.1
44,Employee_44,55,IT,Hyderabad,55982,5,3.5
45,Employee_45,51,HR,Chennai,32685,5,3.4
46,Employee_46,45,Sales,Chennai,62388,13,4.2
47,Employee_47,56,Finance,Guntur,49890,9,3.0
48,Employee_48,24,Marketing,Pune,96066,1,4.4
49,Employee_49,24,IT,Bangalore,87493,16,4.8
50,Employee_50,54,HR,Hyderabad,91562,2,4.6
51,Employee_51,25,Marketing,Hyderabad,113501,7,3.5
52,Employee_52,57,HR,Bangalore,102924,1,4.0
53,Employee_53,47,Marketing,Bangalore,93522,10,4.8
54,Employee_54,34,Sales,Guntur,59814,12,2.8
55,Employee_55,40,Finance,Vijayawada,34508,0,3.6
56,Employee_56,57,IT,Hyderabad,95468,6,3.8
57,Employee_57,29,Sales,Hyderabad,57018,11,3.2
58,Employee_58,49,Marketing,Pune,64651,19,5.0
59,Employee_59,54,IT,Pune,97692,9,4.8
60,Employee_60,27,HR,Vijayawada,40129,3,4.4
61,Employee_61,30,Sales,Vijayawada,104276,6,4.3
62,Employee_62,34,Sales,Bangalore,89032,8,4.8
63,Employee_63,24,IT,Pune,80518,8,2.6
64,Employee_64,42,HR,Pune,59335,5,4.4
65,Employee_65,56,Finance,Bangalore,26267,3,2.7
66,Employee_66,30,Marketing,Hyderabad,73393,18,3.9
67,Employee_67,48,HR,Hyderabad,65404,11,4.7
68,Employee_68,23,Sales,Guntur,114399,7,4.2
69,Employee_69,43,Marketing,Chennai,106351,4,4.8
70,Employee_70,36,HR,Guntur,79040,0,2.9
71,Employee_71,42,Finance,Pune,57527,8,2.9
72,Employee_72,27,Finance,Hyderabad,86694,7,3.0
73,Employee_73,50,Sales,Vijayawada,54831,7,2.6
74,Employee_74,33,Finance,Vijayawada,61517,2,4.9
75,Employee_75,38,Sales,Pune,91768,12,4.2
76,Employee_76,55,Sales,Hyderabad,40118,8,2.9
77,Employee_77,37,IT,Hyderabad,103193,13,3.4
78,Employee_78,41,Finance,Bangalore,92033,3,3.5
79,Employee_79,57,HR,Vijayawada,30817,13,2.5
80,Employee_80,55,HR,Vijayawada,81531,2,4.9
81,Employee_81,42,Marketing,Vijayawada,111951,3,4.3
82,Employee_82,40,Marketing,Vijayawada,112410,13,3.3
83,Employee_83,39,Marketing,Guntur,50144,13,4.2
84,Employee_84,45,HR,Bangalore,99593,9,3.5
85,Employee_85,21,Sales,Vijayawada,52549,13,4.5
86,Employee_86,59,Sales,Chennai,82905,14,4.2
87,Employee_87,53,Finance,Pune,47241,2,3.2
88,Employee_88,60,Sales,Hyderabad,55784,9,3.1
89,Employee_89,33,HR,Hyderabad,31057,7,5.0
90,Employee_90,60,IT,Chennai,79321,20,3.9
91,Employee_91,45,Finance,Chennai,56979,4,4.1
92,Employee_92,21,IT,Chennai,53683,5,4.5
93,Employee_93,54,Finance,Hyderabad,98060,7,4.8
94,Employee_94,28,Finance,Guntur,85901,16,5.0
95,Employee_95,59,Sales,Chennai,105301,16,3.6
96,Employee_96,56,Finance,Guntur,87216,14,3.1
97,Employee_97,36,Sales,Bangalore,88517,20,3.1
98,Employee_98,49,IT,Pune,62450,7,3.2
99,Employee_99,41,Marketing,Hyderabad,43136,4,3.1
100,Employee_100,30,HR,Hyderabad,79377,13,3.3
101,Employee_101,50,Finance,Hyderabad,52110,13,3.5
102,Employee_102,58,IT,Bangalore,74857,15,2.5
103,Employee_103,43,Sales,Chennai,79921,17,4.4
104,Employee_104,55,Marketing,Guntur,88993,7,3.2
105,Employee_105,52,IT,Chennai,69057,12,4.3
106,Employee_106,50,HR,Bangalore,95008,0,4.8
107,Employee_107,58,Marketing,Pune,28552,2,4.1
108,Employee_108,29,Finance,Guntur,31590,8,3.4
109,Employee_109,34,Finance,Vijayawada,69236,12,3.2
110,Employee_110,47,Sales,Hyderabad,86644,0,4.4
111,Employee_111,24,Sales,Guntur,110215,2,4.5
112,Employee_112,23,IT,Guntur,51130,0,4.1
113,Employee_113,36,HR,Chennai,112747,3,3.9
114,Employee_114,34,Finance,Pune,58586,11,2.9
115,Employee_115,59,IT,Guntur,65768,3,3.9
116,Employee_116,40,Marketing,Pune,74192,12,4.9
117,Employee_117,33,IT,Bangalore,115520,20,3.1
118,Employee_118,40,Marketing,Hyderabad,99177,1,3.4
119,Employee_119,48,Sales,Hyderabad,91317,20,3.4
120,Employee_120,47,Finance,Hyderabad,81822,11,4.1
121,Employee_121,50,HR,Chennai,48086,16,4.9
122,Employee_122,38,Marketing,Bangalore,88372,14,3.6
123,Employee_123,58,Sales,Vijayawada,57177,2,3.2
124,Employee_124,49,HR,Chennai,99691,19,4.2
125,Employee_125,42,IT,Chennai,67600,5,3.7
126,Employee_126,43,Sales,Vijayawada,61655,19,4.3
127,Employee_127,38,Marketing,Hyderabad,92715,6,2.7
128,Employee_128,47,Finance,Bangalore,56499,15,4.1
129,Employee_129,52,Finance,Hyderabad,37196,9,3.1
130,Employee_130,36,Sales,Pune,101225,11,3.7
131,Employee_131,54,Sales,Chennai,97140,10,3.4
132,Employee_132,50,Sales,Vijayawada,57951,7,2.8
133,Employee_133,33,Sales,Hyderabad,95236,5,3.0
134,Employee_134,51,Sales,Pune,102278,16,4.0
135,Employee_135,27,HR,Vijayawada,54816,11,2.9
136,Employee_136,21,Marketing,Guntur,60954,1,4.9
137,Employee_137,56,Sales,Pune,41551,20,4.7
138,Employee_138,52,IT,Hyderabad,100243,9,3.7
139,Employee_139,49,Sales,Guntur,31734,8,4.9
140,Employee_140,51,IT,Hyderabad,77521,15,2.7
141,Employee_141,24,HR,Guntur,98772,9,2.7
142,Employee_142,36,IT,Bangalore,79548,19,4.0
143,Employee_143,60,HR,Bangalore,74856,14,4.8
144,Employee_144,40,Marketing,Chennai,65026,18,4.1
145,Employee_145,60,IT,Guntur,106987,6,3.2
146,Employee_146,26,HR,Guntur,47782,17,2.7
147,Employee_147,21,Finance,Chennai,115357,19,3.7
148,Employee_148,23,HR,Vijayawada,117662,9,4.3
149,Employee_149,50,IT,Pune,55595,8,4.5
150,Employee_150,58,HR,Chennai,40043,17,3.1
151,Employee_151,30,Sales,Guntur,34359,1,2.9
152,Employee_152,40,Marketing,Pune,99607,9,3.6
153,Employee_153,50,Sales,Pune,77757,8,3.8
154,Employee_154,52,Finance,Hyderabad,103385,1,4.7
155,Employee_155,41,Marketing,Vijayawada,28390,2,3.1
156,Employee_156,57,Marketing,Hyderabad,113117,8,3.9
157,Employee_157,32,Finance,Bangalore,110394,14,4.8
158,Employee_158,32,Marketing,Chennai,108202,15,4.9
159,Employee_159,51,Sales,Chennai,68687,10,4.2
160,Employee_160,31,Sales,Chennai,115921,15,3.2
161,Employee_161,46,Marketing,Hyderabad,84614,2,3.3
162,Employee_162,41,IT,Chennai,92449,0,4.1
163,Employee_163,55,Finance,Chennai,32104,6,3.8
164,Employee_164,60,Finance,Pune,82939,1,3.0
165,Employee_165,56,HR,Vijayawada,82424,15,2.8
166,Employee_166,59,HR,Pune,45758,9,3.9
167,Employee_167,56,Finance,Hyderabad,54451,3,3.7
168,Employee_168,28,HR,Chennai,118926,9,3.8
169,Employee_169,38,Finance,Chennai,86894,7,3.6
170,Employee_170,30,Finance,Guntur,103561,16,4.4
171,Employee_171,29,IT,Vijayawada,79387,10,4.8
172,Employee_172,53,Sales,Hyderabad,62072,9,4.6
173,Employee_173,58,Finance,Guntur,83529,17,3.7
174,Employee_174,42,Marketing,Bangalore,74441,14,4.8
175,Employee_175,33,HR,Bangalore,75196,7,4.6
176,Employee_176,47,IT,Vijayawada,86993,12,3.5
177,Employee_177,30,Finance,Hyderabad,41547,16,4.9
178,Employee_178,42,IT,Chennai,38069,16,4.8
179,Employee_179,21,HR,Chennai,110823,4,2.7
180,Employee_180,37,Sales,Bangalore,115794,12,4.1
181,Employee_181,42,Marketing,Chennai,66505,20,4.3
182,Employee_182,52,Marketing,Hyderabad,105931,2,3.1
183,Employee_183,39,HR,Pune,36846,13,4.9
184,Employee_184,27,Finance,Guntur,115964,9,4.8
185,Employee_185,23,Sales,Hyderabad,63452,11,3.4
186,Employee_186,30,HR,Bangalore,79008,18,4.2
187,Employee_187,32,HR,Guntur,35350,19,4.7
188,Employee_188,60,HR,Chennai,101435,4,3.1
189,Employee_189,37,Finance,Vijayawada,112404,0,4.7
190,Employee_190,50,Sales,Pune,96643,5,2.7
191,Employee_191,43,Marketing,Vijayawada,108746,13,4.2
192,Employee_192,50,Sales,Guntur,75422,15,2.8
193,Employee_193,45,Marketing,Vijayawada,100341,9,5.0
194,Employee_194,39,IT,Pune,76879,8,2.5
195,Employee_195,24,Marketing,Pune,90107,9,4.4
196,Employee_196,35,Marketing,Vijayawada,53705,20,3.0
197,Employee_197,37,HR,Pune,37735,20,4.1
198,Employee_198,40,Finance,Hyderabad,100965,11,4.3
199,Employee_199,26,Sales,Vijayawada,79460,5,3.0
200,Employee_200,55,Sales,Bangalore,90771,8,4.6
201,Employee_201,37,Finance,Vijayawada,69396,3,3.7
202,Employee_202,25,HR,Guntur,113647,12,4.9
203,Employee_203,56,Sales,Hyderabad,76717,0,3.2
204,Employee_204,28,Finance,Vijayawada,113188,8,4.0
205,Employee_205,44,IT,Pune,55647,15,2.6
206,Employee_206,56,Sales,Bangalore,54015,20,2.7
207,Employee_207,50,Sales,Pune,78516,3,2.8
208,Employee_208,23,Sales,Chennai,40220,3,3.1
209,Employee_209,55,HR,Chennai,84459,11,4.2
210,Employee_210,55,Finance,Bangalore,45253,13,4.1
211,Employee_211,52,Marketing,Chennai,61666,1,4.2
212,Employee_212,34,Finance,Chennai,55947,11,2.7
213,Employee_213,44,Marketing,Pune,72012,1,3.5
214,Employee_214,33,IT,Chennai,37015,6,4.1
215,Employee_215,59,IT,Hyderabad,68713,7,5.0
216,Employee_216,57,HR,Hyderabad,97641,6,4.0
217,Employee_217,35,Sales,Guntur,103116,0,3.2
218,Employee_218,30,HR,Bangalore,57853,5,2.8
219,Employee_219,22,HR,Hyderabad,71955,7,4.0
220,Employee_220,22,HR,Vijayawada,31868,4,4.4
221,Employee_221,54,IT,Pune,33330,15,3.6
222,Employee_222,44,Marketing,Bangalore,39293,14,3.8
223,Employee_223,60,IT,Pune,111363,16,3.3
224,Employee_224,22,IT,Chennai,77640,13,4.2
225,Employee_225,52,Finance,Hyderabad,35589,10,4.0
226,Employee_226,25,HR,Vijayawada,106830,20,4.0
227,Employee_227,41,Finance,Bangalore,94541,9,3.6
228,Employee_228,59,Finance,Hyderabad,116983,3,4.6
229,Employee_229,56,HR,Chennai,84186,7,3.5
230,Employee_230,50,Finance,Chennai,37463,10,3.6
231,Employee_231,37,Sales,Guntur,115023,15,2.7
232,Employee_232,26,IT,Chennai,37656,11,4.5
233,Employee_233,56,IT,Bangalore,98608,17,3.3
234,Employee_234,28,Finance,Vijayawada,112207,13,4.7
235,Employee_235,24,Sales,Bangalore,65953,11,2.8
236,Employee_236,53,HR,Guntur,111079,15,3.1
237,Employee_237,27,Sales,Bangalore,73176,3,4.4
238,Employee_238,57,HR,Chennai,98526,19,4.0
239,Employee_239,56,IT,Bangalore,111223,8,2.6
240,Employee_240,38,Sales,Vijayawada,71009,0,3.0
241,Employee_241,30,Marketing,Pune,77531,2,2.9
242,Employee_242,22,IT,Pune,94531,6,3.4
243,Employee_243,50,Sales,Guntur,73503,9,4.3
244,Employee_244,57,Marketing,Hyderabad,31895,4,2.9
245,Employee_245,60,IT,Pune,35693,8,3.6
246,Employee_246,48,Finance,Bangalore,82939,13,3.2
247,Employee_247,53,IT,Vijayawada,81349,3,3.2
248,Employee_248,58,Finance,Bangalore,112442,9,2.6
249,Employee_249,46,Marketing,Hyderabad,26007,6,3.3
250,Employee_250,34,HR,Vijayawada,62938,10,2.8
251,Employee_251,52,Finance,Guntur,41932,12,3.8
252,Employee_252,35,Marketing,Bangalore,112562,11,2.7
253,Employee_253,23,Finance,Hyderabad,85260,2,4.7
254,Employee_254,57,Finance,Bangalore,78008,20,3.5
255,Employee_255,28,Finance,Hyderabad,67568,5,4.5
256,Employee_256,60,Finance,Pune,72428,2,3.6
257,Employee_257,27,HR,Chennai,102184,12,3.8
258,Employee_258,46,Sales,Pune,69500,7,3.3
259,Employee_259,31,IT,Bangalore,107998,3,3.8
260,Employee_260,33,Sales,Vijayawada,109599,4,3.1
261,Employee_261,30,Sales,Guntur,47740,19,2.9
262,Employee_262,25,HR,Pune,89764,14,4.4
263,Employee_263,58,Finance,Pune,98989,20,4.1
264,Employee_264,60,Sales,Pune,66436,4,3.6
265,Employee_265,51,Finance,Pune,64691,8,4.0
266,Employee_266,43,Marketing,Hyderabad,65685,14,3.6
267,Employee_267,24,Sales,Vijayawada,35057,20,4.7
268,Employee_268,26,Marketing,Bangalore,91462,12,3.7
269,Employee_269,56,IT,Chennai,99928,20,3.0
270,Employee_270,59,Finance,Bangalore,44773,1,3.6
271,Employee_271,42,IT,Bangalore,109689,5,2.6
272,Employee_272,49,Finance,Bangalore,93517,19,2.9
273,Employee_273,44,Sales,Chennai,78578,10,4.2
274,Employee_274,24,Sales,Hyderabad,68213,3,3.9
275,Employee_275,45,Sales,Vijayawada,119861,19,4.7
276,Employee_276,42,IT,Bangalore,111980,4,4.8
277,Employee_277,40,Finance,Guntur,102993,2,3.3
278,Employee_278,45,Sales,Guntur,112833,16,2.7
279,Employee_279,48,Marketing,Vijayawada,27389,11,3.3
280,Employee_280,34,Sales,Chennai,50166,7,5.0
281,Employee_281,30,IT,Vijayawada,38256,16,4.4
282,Employee_282,54,IT,Pune,69140,19,2.8
283,Employee_283,45,HR,Guntur,48703,19,4.5
284,Employee_284,31,Finance,Hyderabad,78852,11,4.2
285,Employee_285,36,Finance,Bangalore,62346,14,3.1
286,Employee_286,36,Sales,Chennai,50430,11,4.2
287,Employee_287,57,Finance,Chennai,61932,12,3.8
288,Employee_288,47,HR,Guntur,104254,4,4.7
289,Employee_289,24,Finance,Vijayawada,97684,3,4.3
290,Employee_290,54,IT,Vijayawada,35993,5,3.2
291,Employee_291,53,HR,Chennai,37021,7,4.5
292,Employee_292,43,IT,Chennai,31980,12,3.8
293,Employee_293,36,Finance,Hyderabad,74140,7,2.6
294,Employee_294,27,Sales,Guntur,43035,1,3.2
295,Employee_295,51,HR,Pune,86487,14,4.0
296,Employee_296,26,IT,Vijayawada,53266,4,3.9
297,Employee_297,59,Marketing,Chennai,39573,9,3.1
298,Employee_298,28,IT,Guntur,80027,20,4.5
299,Employee_299,50,IT,Hyderabad,90513,19,3.8
300,Employee_300,53,Marketing,Guntur,119181,4,3.2
301,Employee_301,21,Marketing,Vijayawada,56531,18,3.5
302,Employee_302,26,Marketing,Vijayawada,33870,16,3.9
303,Employee_303,53,Marketing,Hyderabad,76177,15,2.6
304,Employee_304,45,Sales,Vijayawada,27128,11,4.5
305,Employee_305,43,HR,Pune,111127,20,2.8
306,Employee_306,58,Sales,Guntur,30811,11,3.9
307,Employee_307,32,Finance,Pune,87722,20,3.0
308,Employee_308,29,IT,Pune,84988,1,3.2
309,Employee_309,23,HR,Hyderabad,66365,9,3.8
310,Employee_310,55,Finance,Vijayawada,29799,20,3.0
311,Employee_311,43,IT,Pune,68506,8,2.8
312,Employee_312,44,Finance,Chennai,82637,12,3.3
313,Employee_313,32,Finance,Pune,90211,11,4.8
314,Employee_314,54,Sales,Hyderabad,80640,2,3.6
315,Employee_315,32,Marketing,Vijayawada,67101,3,2.7
316,Employee_316,39,Sales,Chennai,103986,13,2.9
317,Employee_317,49,Sales,Chennai,30551,11,4.0
318,Employee_318,48,Sales,Pune,32518,2,4.2
319,Employee_319,46,Sales,Bangalore,114051,5,4.9
320,Employee_320,30,Marketing,Pune,82432,1,2.8
321,Employee_321,36,Sales,Vijayawada,75181,18,2.6
322,Employee_322,30,Finance,Vijayawada,73760,14,4.4
323,Employee_323,57,HR,Bangalore,73096,12,3.3
324,Employee_324,38,HR,Hyderabad,28396,5,3.7
325,Employee_325,45,Marketing,Hyderabad,59311,8,4.3
326,Employee_326,34,Marketing,Vijayawada,115961,15,3.0
327,Employee_327,29,IT,Chennai,47630,14,5.0
328,Employee_328,41,Sales,Pune,33511,17,3.9
329,Employee_329,40,HR,Pune,118003,20,2.9
330,Employee_330,44,Marketing,Guntur,40907,6,4.5
331,Employee_331,36,Finance,Hyderabad,72303,17,3.9
332,Employee_332,50,Marketing,Guntur,105209,2,2.7
333,Employee_333,46,Finance,Bangalore,78843,13,4.6
334,Employee_334,25,HR,Vijayawada,109192,2,3.6
335,Employee_335,54,Sales,Guntur,97260,20,4.0
336,Employee_336,29,Finance,Bangalore,32263,3,3.8
337,Employee_337,40,HR,Guntur,67291,7,3.4
338,Employee_338,54,Sales,Hyderabad,57847,6,4.1
339,Employee_339,56,Sales,Guntur,106922,9,4.0
340,Employee_340,26,Marketing,Pune,47103,18,4.9
341,Employee_341,30,HR,Pune,106851,19,3.3
342,Employee_342,57,IT,Hyderabad,35646,1,4.9
343,Employee_343,57,Sales,Pune,52631,18,3.5
344,Employee_344,22,Finance,Pune,96509,9,4.1
345,Employee_345,40,Finance,Guntur,114783,12,3.2
346,Employee_346,25,IT,Guntur,82619,13,3.7
347,Employee_347,34,Sales,Bangalore,43830,10,4.7
348,Employee_348,41,Sales,Chennai,42139,11,3.8
349,Employee_349,27,Sales,Guntur,86141,3,3.2
350,Employee_350,36,HR,Hyderabad,31632,9,4.9
351,Employee_351,60,Finance,Guntur,45932,10,4.8
352,Employee_352,41,HR,Guntur,90308,16,3.7
353,Employee_353,40,Finance,Hyderabad,36802,12,3.8
354,Employee_354,36,HR,Bangalore,71254,1,2.6
355,Employee_355,52,Marketing,Pune,113148,15,3.2
356,Employee_356,21,IT,Chennai,42555,8,4.3
357,Employee_357,46,Sales,Hyderabad,77505,1,3.9
358,Employee_358,33,Sales,Bangalore,62827,2,3.5
359,Employee_359,49,Marketing,Vijayawada,106689,19,2.8
360,Employee_360,27,Finance,Vijayawada,69444,17,4.8
361,Employee_361,30,HR,Bangalore,91731,12,3.8
362,Employee_362,23,IT,Guntur,118531,10,4.5
363,Employee_363,54,Finance,Guntur,104463,16,2.8
364,Employee_364,60,Sales,Guntur,76505,19,4.3
365,Employee_365,40,Marketing,Vijayawada,91494,16,3.8
366,Employee_366,57,Sales,Chennai,27180,11,3.3
367,Employee_367,28,Finance,Bangalore,65327,20,2.6
368,Employee_368,51,Sales,Pune,100821,18,3.1
369,Employee_369,24,Marketing,Chennai,47349,16,4.1
370,Employee_370,60,Finance,Guntur,114224,7,2.6
371,Employee_371,28,HR,Hyderabad,82807,10,3.5
372,Employee_372,47,HR,Chennai,90774,19,4.8
373,Employee_373,24,HR,Bangalore,52176,17,3.3
374,Employee_374,51,Marketing,Chennai,66124,5,3.6
375,Employee_375,55,Sales,Bangalore,71437,20,4.5
376,Employee_376,37,Marketing,Chennai,50200,7,3.2
377,Employee_377,40,HR,Vijayawada,62880,6,4.2
378,Employee_378,52,Sales,Chennai,70718,17,4.8
379,Employee_379,38,Sales,Hyderabad,100166,17,3.4
380,Employee_380,46,Sales,Guntur,63070,1,3.2
381,Employee_381,26,Sales,Chennai,110979,8,4.4
382,Employee_382,34,HR,Bangalore,60537,17,4.2
383,Employee_383,29,IT,Bangalore,101917,7,3.1
384,Employee_384,54,HR,Pune,55518,1,2.8
385,Employee_385,42,Finance,Hyderabad,114285,4,2.5
386,Employee_386,56,HR,Chennai,110575,15,3.7
387,Employee_387,33,Sales,Vijayawada,62409,20,2.6
388,Employee_388,26,Marketing,Guntur,95143,1,4.8
389,Employee_389,32,Finance,Guntur,29763,12,4.5
390,Employee_390,32,Sales,Hyderabad,26214,9,3.9
391,Employee_391,27,Sales,Vijayawada,84552,20,3.9
392,Employee_392,52,HR,Bangalore,86344,8,3.0
393,Employee_393,28,Sales,Guntur,85150,20,3.1
394,Employee_394,32,IT,Pune,69185,9,3.9
395,Employee_395,33,HR,Bangalore,108719,12,4.6
396,Employee_396,53,Sales,Hyderabad,77538,3,3.0
397,Employee_397,29,Finance,Vijayawada,57512,0,3.2
398,Employee_398,36,Finance,Vijayawada,68204,9,4.0
399,Employee_399,57,IT,Vijayawada,110679,11,4.2
400,Employee_400,24,IT,Chennai,65213,5,3.5
401,Employee_401,53,Sales,Pune,40389,20,4.8
402,Employee_402,39,Sales,Bangalore,53947,7,4.9
403,Employee_403,51,HR,Chennai,104395,11,3.5
404,Employee_404,56,Finance,Bangalore,112044,6,4.4
405,Employee_405,59,IT,Bangalore,83556,16,4.3
406,Employee_406,25,Marketing,Hyderabad,33094,17,4.8
407,Employee_407,33,Marketing,Bangalore,44641,5,3.3
408,Employee_408,54,Finance,Hyderabad,114167,6,4.3
409,Employee_409,52,IT,Bangalore,83390,1,3.6
410,Employee_410,53,Finance,Chennai,98912,1,3.9
411,Employee_411,40,IT,Chennai,58352,0,4.4
412,Employee_412,58,IT,Hyderabad,80534,11,4.3
413,Employee_413,55,IT,Hyderabad,86875,1,3.2
414,Employee_414,32,HR,Pune,109656,13,3.4
415,Employee_415,45,Finance,Chennai,74236,2,4.2
416,Employee_416,55,HR,Pune,70582,3,2.9
417,Employee_417,55,Finance,Bangalore,41691,7,4.6
418,Employee_418,22,Sales,Chennai,113276,17,3.6
419,Employee_419,45,HR,Guntur,85375,11,2.9
420,Employee_420,33,IT,Hyderabad,111533,13,4.0
421,Employee_421,22,HR,Guntur,33819,3,4.0
422,Employee_422,49,Marketing,Pune,117181,1,3.1
423,Employee_423,23,Finance,Chennai,55715,17,3.0
424,Employee_424,24,HR,Bangalore,62914,7,4.5
425,Employee_425,57,Sales,Bangalore,103370,10,3.1
426,Employee_426,30,Marketing,Guntur,79206,9,3.2
427,Employee_427,56,Marketing,Pune,47955,20,4.2
428,Employee_428,56,Finance,Hyderabad,70143,20,4.2
429,Employee_429,54,Sales,Pune,79568,13,2.9
430,Employee_430,45,HR,Bangalore,87065,7,4.6
431,Employee_431,40,HR,Chennai,32552,17,3.5
432,Employee_432,47,Marketing,Bangalore,42575,12,3.1
433,Employee_433,34,Sales,Pune,35363,14,4.6
434,Employee_434,26,Marketing,Pune,49966,1,3.2
435,Employee_435,59,Marketing,Hyderabad,34539,6,4.5
436,Employee_436,58,Marketing,Guntur,87835,6,4.7
437,Employee_437,42,Sales,Hyderabad,52762,6,4.9
438,Employee_438,28,Finance,Guntur,116177,19,4.3
439,Employee_439,46,HR,Bangalore,67154,9,3.5
440,Employee_440,55,Sales,Vijayawada,59283,11,3.8
441,Employee_441,52,Finance,Hyderabad,119688,15,4.4
442,Employee_442,41,HR,Vijayawada,66015,13,2.6
443,Employee_443,35,HR,Hyderabad,59180,17,4.8
444,Employee_444,58,Finance,Vijayawada,44976,6,3.3
445,Employee_445,45,Marketing,Guntur,90444,17,4.1
446,Employee_446,42,Sales,Chennai,119838,20,4.3
447,Employee_447,50,HR,Pune,71160,5,2.8
448,Employee_448,55,Finance,Guntur,96058,20,4.9
449,Employee_449,54,IT,Hyderabad,112584,1,4.4
450,Employee_450,47,HR,Pune,55334,2,4.3
451,Employee_451,21,HR,Bangalore,84770,11,2.7
452,Employee_452,60,Finance,Pune,88944,0,2.5
453,Employee_453,56,Finance,Hyderabad,27192,16,4.3
454,Employee_454,55,Sales,Hyderabad,90826,13,4.5
455,Employee_455,32,IT,Hyderabad,93732,4,3.1
456,Employee_456,60,Marketing,Vijayawada,71457,8,4.5
457,Employee_457,26,Sales,Chennai,85161,18,3.1
458,Employee_458,35,Sales,Pune,35566,20,5.0
459,Employee_459,23,IT,Chennai,74710,12,3.9
460,Employee_460,24,IT,Pune,47463,2,3.7
461,Employee_461,48,Sales,Bangalore,37499,16,4.8
462,Employee_462,35,HR,Pune,99289,15,3.2
463,Employee_463,25,Sales,Bangalore,98860,1,2.9
464,Employee_464,41,IT,Guntur,101943,4,4.4
465,Employee_465,46,IT,Vijayawada,46292,18,3.1
466,Employee_466,45,Marketing,Vijayawada,75311,4,4.5
467,Employee_467,26,Marketing,Pune,70332,1,2.7
468,Employee_468,35,IT,Vijayawada,104320,19,4.9
469,Employee_469,46,Sales,Hyderabad,108115,8,4.5
470,Employee_470,49,Finance,Guntur,71636,17,4.9
471,Employee_471,48,HR,Pune,101791,12,2.7
472,Employee_472,60,Sales,Guntur,118468,2,2.7
473,Employee_473,30,Finance,Pune,108086,4,4.3
474,Employee_474,41,Sales,Hyderabad,36995,0,4.9
475,Employee_475,49,Sales,Vijayawada,38399,4,2.7
476,Employee_476,48,Finance,Bangalore,97710,16,3.5
477,Employee_477,22,IT,Vijayawada,97642,2,4.0
478,Employee_478,41,Finance,Hyderabad,63253,13,3.5
479,Employee_479,26,Marketing,Guntur,99967,16,2.9
480,Employee_480,45,HR,Guntur,60247,9,3.2
481,Employee_481,30,IT,Guntur,81973,8,3.6
482,Employee_482,51,IT,Vijayawada,57990,7,4.3
483,Employee_483,52,Marketing,Bangalore,50630,14,2.8
484,Employee_484,40,IT,Chennai,68544,19,3.4
485,Employee_485,42,Finance,Vijayawada,81441,20,4.9
486,Employee_486,29,Sales,Vijayawada,104064,6,3.7
487,Employee_487,32,Finance,Vijayawada,63200,20,3.7
488,Employee_488,57,HR,Vijayawada,74290,8,4.5
489,Employee_489,46,Sales,Hyderabad,98905,6,4.0
490,Employee_490,55,HR,Pune,97102,0,4.9
491,Employee_491,50,HR,Chennai,63185,2,4.5
492,Employee_492,47,Finance,Guntur,108012,9,3.1
493,Employee_493,30,Finance,Chennai,34694,14,5.0
494,Employee_494,51,Marketing,Chennai,95040,16,4.8
495,Employee_495,47,Marketing,Hyderabad,72124,17,4.0
496,Employee_496,26,IT,Guntur,111193,11,2.9
497,Employee_497,60,IT,Bangalore,109545,20,3.5
498,Employee_498,42,Finance,Hyderabad,26382,3,3.1
499,Employee_499,53,Marketing,Bangalore,101089,18,3.1
500,Employee_500,44,Finance,Chennai,114070,18,4.2
501,Employee_501,30,Sales,Hyderabad,88277,3,3.2
502,Employee_502,26,IT,Pune,43569,11,3.3
503,Employee_503,50,HR,Bangalore,88298,11,3.7
504,Employee_504,49,Finance,Vijayawada,33804,9,2.6
505,Employee_505,28,IT,Vijayawada,109930,3,4.2
506,Employee_506,31,HR,Bangalore,47865,17,2.9
507,Employee_507,56,Finance,Chennai,55389,12,4.1
508,Employee_508,32,Finance,Chennai,28826,19,4.7
509,Employee_509,49,Marketing,Chennai,75965,0,4.3
510,Employee_510,34,Sales,Pune,33200,18,2.8
511,Employee_511,55,HR,Vijayawada,67727,6,3.6
512,Employee_512,37,Finance,Bangalore,108769,10,4.0
513,Employee_513,60,Finance,Bangalore,39972,11,3.4
514,Employee_514,50,Marketing,Guntur,113288,9,4.8
515,Employee_515,58,IT,Pune,42556,10,2.8
516,Employee_516,40,IT,Guntur,73929,4,3.8
517,Employee_517,47,Marketing,Guntur,100340,12,3.6
518,Employee_518,52,Marketing,Pune,109575,5,3.9
519,Employee_519,52,Sales,Guntur,49523,10,4.6
520,Employee_520,60,IT,Vijayawada,26256,15,2.8
521,Employee_521,45,Marketing,Bangalore,110599,15,3.5
522,Employee_522,52,Finance,Pune,83176,15,2.9
523,Employee_523,57,IT,Guntur,63284,1,3.2
524,Employee_524,55,Sales,Guntur,84942,18,4.4
525,Employee_525,52,Marketing,Bangalore,39838,18,2.8
526,Employee_526,55,Sales,Bangalore,30453,14,3.9
527,Employee_527,48,IT,Pune,110678,7,3.2
528,Employee_528,23,Finance,Vijayawada,70688,2,3.6
529,Employee_529,28,HR,Guntur,102060,11,4.7
530,Employee_530,60,Finance,Guntur,105760,4,4.5
531,Employee_531,34,IT,Bangalore,70982,17,3.2
532,Employee_532,55,HR,Vijayawada,117281,9,3.2
533,Employee_533,38,Marketing,Pune,37481,4,4.9
534,Employee_534,47,IT,Vijayawada,110969,4,4.3
535,Employee_535,29,HR,Guntur,118243,10,4.6
536,Employee_536,46,Finance,Guntur,100684,20,3.2
537,Employee_537,47,Finance,Chennai,34898,20,4.5
538,Employee_538,26,Finance,Bangalore,61467,11,3.6
539,Employee_539,52,Sales,Bangalore,25324,2,4.3
540,Employee_540,50,Sales,Hyderabad,95048,12,3.0
541,Employee_541,48,HR,Chennai,60197,10,4.6
542,Employee_542,42,Marketing,Bangalore,42117,18,4.6
543,Employee_543,42,IT,Hyderabad,38051,20,4.5
544,Employee_544,50,IT,Hyderabad,45707,14,3.6
545,Employee_545,48,HR,Pune,42290,20,3.3
546,Employee_546,38,IT,Pune,72242,8,2.7
547,Employee_547,31,IT,Chennai,106999,9,4.3
548,Employee_548,35,Finance,Pune,36953,3,2.5
549,Employee_549,51,IT,Guntur,102814,7,3.8
550,Employee_550,49,IT,Hyderabad,116173,10,4.5
551,Employee_551,48,HR,Chennai,34283,7,3.5
552,Employee_552,27,IT,Vijayawada,73177,9,2.8
553,Employee_553,29,HR,Hyderabad,94534,18,2.5
554,Employee_554,31,Finance,Vijayawada,119690,6,4.1
555,Employee_555,30,Finance,Bangalore,114989,14,4.6
556,Employee_556,26,IT,Guntur,41142,18,4.3
557,Employee_557,43,Finance,Vijayawada,43327,7,3.2
558,Employee_558,26,HR,Bangalore,103774,19,4.3
559,Employee_559,39,IT,Pune,64537,6,3.8
560,Employee_560,53,HR,Pune,76347,9,4.1
561,Employee_561,36,Finance,Chennai,39777,7,3.7
562,Employee_562,59,IT,Bangalore,26581,11,4.8
563,Employee_563,29,Finance,Bangalore,80163,11,3.9
564,Employee_564,32,Finance,Hyderabad,27187,18,2.7
565,Employee_565,37,HR,Hyderabad,32925,12,3.8
566,Employee_566,53,Finance,Chennai,116987,12,2.7
567,Employee_567,55,Marketing,Bangalore,45012,8,2.7
568,Employee_568,26,Marketing,Guntur,45365,17,3.3
569,Employee_569,58,IT,Vijayawada,116576,13,4.3
570,Employee_570,36,IT,Guntur,36300,13,2.8
571,Employee_571,60,Marketing,Hyderabad,65539,5,2.8
572,Employee_572,29,IT,Guntur,90065,11,3.8
573,Employee_573,37,HR,Vijayawada,41637,8,4.3
574,Employee_574,28,IT,Vijayawada,81272,8,3.8
575,Employee_575,37,Marketing,Pune,35101,15,3.6
576,Employee_576,44,IT,Chennai,99302,5,3.4
577,Employee_577,37,IT,Bangalore,113358,3,3.1
578,Employee_578,53,IT,Hyderabad,26610,7,2.6
579,Employee_579,44,Finance,Guntur,48456,1,3.9
580,Employee_580,47,HR,Vijayawada,57540,13,4.8
581,Employee_581,41,Sales,Hyderabad,99912,11,2.8
582,Employee_582,24,HR,Guntur,92603,1,4.9
583,Employee_583,25,Finance,Vijayawada,65723,10,2.7
584,Employee_584,50,IT,Vijayawada,51302,9,3.9
585,Employee_585,40,Marketing,Guntur,85807,11,4.0
586,Employee_586,52,HR,Pune,96638,7,2.9
587,Employee_587,47,IT,Guntur,95981,11,4.1
588,Employee_588,21,Sales,Hyderabad,111154,12,4.6
589,Employee_589,40,IT,Guntur,94443,7,3.5
590,Employee_590,24,HR,Pune,61677,2,2.6
591,Employee_591,35,Marketing,Chennai,116861,11,3.6
592,Employee_592,26,Marketing,Hyderabad,91247,4,4.1
593,Employee_593,46,IT,Bangalore,99425,1,3.6
594,Employee_594,29,HR,Vijayawada,59208,10,4.8
595,Employee_595,46,Sales,Vijayawada,84343,8,3.1
596,Employee_596,33,HR,Bangalore,39283,4,2.8
597,Employee_597,49,Finance,Vijayawada,78282,3,3.8
598,Employee_598,34,Finance,Vijayawada,85731,8,4.6
599,Employee_599,26,HR,Pune,64874,19,2.6
600,Employee_600,41,HR,Hyderabad,118212,7,4.9
601,Employee_601,46,Marketing,Hyderabad,113759,9,3.2
602,Employee_602,32,IT,Chennai,84270,17,4.4
603,Employee_603,36,IT,Chennai,38357,4,2.8
604,Employee_604,24,HR,Guntur,50969,12,3.4
605,Employee_605,26,Marketing,Bangalore,58924,2,2.6
606,Employee_606,25,HR,Pune,83121,4,2.7
607,Employee_607,42,IT,Hyderabad,85423,1,2.9
608,Employee_608,57,Finance,Pune,76773,15,2.6
609,Employee_609,48,HR,Vijayawada,53143,5,3.2
610,Employee_610,49,HR,Hyderabad,105492,19,4.0
611,Employee_611,39,Finance,Chennai,97179,15,2.7
612,Employee_612,38,Finance,Guntur,79949,6,4.1
613,Employee_613,54,HR,Pune,96258,0,5.0
614,Employee_614,43,Finance,Bangalore,88527,11,4.8
615,Employee_615,53,Sales,Chennai,60446,5,2.6
616,Employee_616,59,HR,Hyderabad,61822,1,4.5
617,Employee_617,51,Marketing,Vijayawada,101544,7,4.9
618,Employee_618,27,HR,Pune,56608,8,3.8
619,Employee_619,24,HR,Bangalore,75911,11,4.8
620,Employee_620,32,HR,Guntur,102662,10,4.5
621,Employee_621,43,Marketing,Hyderabad,117202,11,4.9
622,Employee_622,57,HR,Bangalore,49672,15,3.9
623,Employee_623,32,Finance,Hyderabad,36830,1,3.1
624,Employee_624,35,IT,Bangalore,87650,0,3.3
625,Employee_625,60,HR,Guntur,69663,5,4.8
626,Employee_626,41,IT,Hyderabad,44360,18,4.3
627,Employee_627,30,IT,Bangalore,72826,2,3.4
628,Employee_628,46,Marketing,Hyderabad,69113,9,3.3
629,Employee_629,31,Finance,Pune,88858,20,3.3
630,Employee_630,56,Marketing,Vijayawada,54260,18,4.5
631,Employee_631,45,Sales,Pune,115242,9,2.8
632,Employee_632,21,Marketing,Chennai,99381,1,3.0
633,Employee_633,41,Marketing,Guntur,108839,18,2.8
634,Employee_634,52,HR,Vijayawada,35198,7,3.4
635,Employee_635,41,HR,Pune,36629,20,4.3
636,Employee_636,42,Finance,Hyderabad,59761,6,3.1
637,Employee_637,25,Sales,Vijayawada,39160,0,2.6
638,Employee_638,49,Finance,Guntur,79266,15,4.7
639,Employee_639,43,Marketing,Chennai,38294,15,4.5
640,Employee_640,57,HR,Guntur,84151,2,4.5
641,Employee_641,23,Sales,Hyderabad,66774,8,4.9
642,Employee_642,25,Sales,Guntur,74212,5,4.3
643,Employee_643,56,IT,Vijayawada,102860,19,4.7
644,Employee_644,22,Finance,Pune,46626,19,4.7
645,Employee_645,31,IT,Hyderabad,68397,6,4.9
646,Employee_646,47,Marketing,Pune,95795,8,4.2
647,Employee_647,40,HR,Hyderabad,31505,12,3.9
648,Employee_648,52,HR,Hyderabad,72294,0,3.6
649,Employee_649,39,Marketing,Chennai,51171,3,2.6
650,Employee_650,31,Sales,Hyderabad,87071,3,3.3
651,Employee_651,46,Finance,Chennai,111643,8,2.7
652,Employee_652,55,Finance,Guntur,73630,12,3.4
653,Employee_653,49,IT,Vijayawada,82637,14,3.2
654,Employee_654,38,Marketing,Hyderabad,44808,3,2.7
655,Employee_655,43,Marketing,Chennai,102296,7,3.9
656,Employee_656,45,Marketing,Chennai,95190,15,3.9
657,Employee_657,36,Finance,Vijayawada,35348,12,4.8
658,Employee_658,23,Marketing,Bangalore,92740,18,4.2
659,Employee_659,60,HR,Hyderabad,83856,5,4.9
660,Employee_660,31,HR,Guntur,41539,1,3.6
661,Employee_661,48,HR,Pune,44382,19,3.1
662,Employee_662,25,IT,Chennai,97923,12,3.9
663,Employee_663,38,Marketing,Chennai,26620,19,4.0
664,Employee_664,47,IT,Chennai,44613,4,3.9
665,Employee_665,58,IT,Hyderabad,98752,3,4.5
666,Employee_666,55,Sales,Chennai,59620,12,4.1
667,Employee_667,57,Marketing,Chennai,29910,5,3.2
668,Employee_668,30,Marketing,Bangalore,114235,12,2.6
669,Employee_669,42,HR,Hyderabad,87287,8,4.7
670,Employee_670,22,Sales,Vijayawada,65756,8,4.6
671,Employee_671,27,HR,Guntur,64384,14,4.4
672,Employee_672,41,Sales,Pune,79627,19,4.1
673,Employee_673,33,Finance,Guntur,78368,15,4.4
674,Employee_674,44,IT,Bangalore,45836,2,3.3
675,Employee_675,53,Finance,Guntur,93719,18,2.6
676,Employee_676,33,HR,Hyderabad,57701,1,3.6
677,Employee_677,44,HR,Vijayawada,73280,14,3.8
678,Employee_678,28,IT,Guntur,73819,15,4.0
679,Employee_679,32,Finance,Bangalore,97264,11,3.4
680,Employee_680,37,IT,Vijayawada,28597,12,2.6
681,Employee_681,57,HR,Guntur,109853,7,4.2
682,Employee_682,38,Finance,Bangalore,27628,0,3.7
683,Employee_683,29,HR,Bangalore,26109,7,3.1
684,Employee_684,40,Sales,Chennai,74345,11,3.6
685,Employee_685,34,Finance,Vijayawada,113761,16,4.6
686,Employee_686,46,Marketing,Hyderabad,25963,16,5.0
687,Employee_687,44,Marketing,Pune,102826,19,3.2
688,Employee_688,27,Finance,Hyderabad,69077,8,4.1
689,Employee_689,38,Sales,Pune,118204,20,3.2
690,Employee_690,30,Marketing,Guntur,32441,19,3.5
691,Employee_691,41,HR,Pune,28336,20,3.7
692,Employee_692,39,Sales,Chennai,78031,12,4.3
693,Employee_693,58,Marketing,Guntur,69979,7,4.2
694,Employee_694,51,Sales,Bangalore,64347,5,4.6
695,Employee_695,56,HR,Vijayawada,37793,15,2.8
696,Employee_696,37,Marketing,Guntur,114091,10,4.1
697,Employee_697,35,Sales,Guntur,65250,13,4.5
698,Employee_698,42,Sales,Vijayawada,101751,9,3.7
699,Employee_699,28,Finance,Hyderabad,108151,18,4.0
700,Employee_700,60,IT,Chennai,50499,16,2.8
701,Employee_701,45,Marketing,Vijayawada,79146,1,4.7
702,Employee_702,30,HR,Guntur,69914,13,5.0
703,Employee_703,50,HR,Vijayawada,118804,5,4.4
704,Employee_704,52,Sales,Pune,48176,10,4.1
705,Employee_705,21,Finance,Vijayawada,52444,5,3.9
706,Employee_706,31,Finance,Hyderabad,41961,19,3.6
707,Employee_707,48,Finance,Chennai,87573,12,2.5
708,Employee_708,55,HR,Pune,73903,0,4.7
709,Employee_709,54,HR,Hyderabad,113702,0,4.1
710,Employee_710,36,HR,Pune,70134,9,2.8
711,Employee_711,45,Marketing,Bangalore,65123,5,2.7
712,Employee_712,23,Sales,Vijayawada,84759,16,4.0
713,Employee_713,42,Finance,Pune,42536,10,5.0
714,Employee_714,52,Sales,Guntur,46611,12,2.5
715,Employee_715,35,HR,Guntur,27872,18,3.8
716,Employee_716,28,Sales,Pune,110267,1,3.4
717,Employee_717,37,Marketing,Bangalore,31368,19,5.0
718,Employee_718,27,IT,Hyderabad,115406,3,3.5
719,Employee_719,45,IT,Bangalore,58126,15,4.3
720,Employee_720,34,IT,Vijayawada,80164,3,4.2
721,Employee_721,38,Marketing,Bangalore,116845,4,3.5
722,Employee_722,27,Marketing,Pune,105962,3,3.2
723,Employee_723,27,Finance,Guntur,104823,6,4.4
724,Employee_724,54,HR,Vijayawada,117200,13,3.2
725,Employee_725,23,Marketing,Chennai,52222,15,3.3
726,Employee_726,21,IT,Pune,36665,3,4.6
727,Employee_727,52,HR,Hyderabad,92070,2,4.3
728,Employee_728,27,Sales,Pune,55298,14,5.0
729,Employee_729,39,Sales,Chennai,31564,3,4.5
730,Employee_730,23,Sales,Vijayawada,113705,10,3.6
731,Employee_731,28,IT,Hyderabad,26267,4,4.2
732,Employee_732,31,Sales,Vijayawada,82372,19,3.2
733,Employee_733,26,Sales,Vijayawada,48969,3,3.5
734,Employee_734,50,Sales,Chennai,115426,15,4.5
735,Employee_735,31,IT,Guntur,116248,1,5.0
736,Employee_736,31,IT,Chennai,102430,15,4.5
737,Employee_737,49,HR,Bangalore,74774,11,4.0
738,Employee_738,29,Finance,Chennai,39802,13,3.6
739,Employee_739,25,Sales,Pune,66187,0,4.3
740,Employee_740,54,Marketing,Pune,99057,7,4.9
741,Employee_741,42,Marketing,Bangalore,115209,19,2.7
742,Employee_742,36,Finance,Vijayawada,111993,20,3.5
743,Employee_743,56,Marketing,Hyderabad,26526,20,4.8
744,Employee_744,53,Finance,Chennai,46679,2,4.4
745,Employee_745,41,HR,Vijayawada,61458,1,3.8
746,Employee_746,56,Finance,Chennai,55801,2,3.6
747,Employee_747,57,Finance,Hyderabad,90333,14,3.3
748,Employee_748,52,IT,Hyderabad,77879,13,2.6
749,Employee_749,56,IT,Hyderabad,104194,19,4.1
750,Employee_750,53,Marketing,Guntur,110799,14,4.9
751,Employee_751,44,IT,Guntur,84566,10,3.9
752,Employee_752,60,Marketing,Chennai,118933,11,4.3
753,Employee_753,28,IT,Pune,54064,0,3.4
754,Employee_754,39,Marketing,Bangalore,74006,3,2.6
755,Employee_755,31,Finance,Guntur,118959,13,2.8
756,Employee_756,60,HR,Guntur,40826,12,3.0
757,Employee_757,33,Sales,Hyderabad,79325,1,4.8
758,Employee_758,58,IT,Chennai,84950,18,4.9
759,Employee_759,29,Finance,Hyderabad,94515,1,3.9
760,Employee_760,48,Marketing,Chennai,91628,5,4.2
761,Employee_761,32,HR,Hyderabad,75778,19,4.0
762,Employee_762,41,Marketing,Chennai,79875,19,4.8
763,Employee_763,36,Sales,Chennai,69939,9,3.6
764,Employee_764,29,HR,Chennai,103974,16,3.2
765,Employee_765,56,Sales,Pune,97559,20,3.0
766,Employee_766,34,Marketing,Pune,63086,11,4.8
767,Employee_767,29,HR,Bangalore,96105,20,3.3
768,Employee_768,28,Sales,Bangalore,87963,18,3.9
769,Employee_769,47,Marketing,Vijayawada,80363,0,3.8
770,Employee_770,22,Finance,Guntur,31955,1,3.0
771,Employee_771,31,Sales,Pune,57841,4,4.6
772,Employee_772,39,HR,Bangalore,29234,11,4.5
773,Employee_773,27,Marketing,Pune,98647,7,4.4
774,Employee_774,56,Finance,Guntur,91967,9,4.2
775,Employee_775,24,Finance,Chennai,79600,10,4.9
776,Employee_776,24,IT,Pune,57943,6,4.1
777,Employee_777,49,HR,Pune,117357,20,3.4
778,Employee_778,58,Marketing,Pune,104087,6,4.4
779,Employee_779,33,Sales,Chennai,48255,2,3.0
780,Employee_780,32,Marketing,Hyderabad,74440,1,3.6
781,Employee_781,56,Sales,Guntur,46093,18,4.6
782,Employee_782,21,Sales,Chennai,118020,4,2.6
783,Employee_783,41,Marketing,Hyderabad,106968,19,4.6
784,Employee_784,40,Finance,Bangalore,97110,11,2.7
785,Employee_785,41,Marketing,Guntur,49100,16,2.7
786,Employee_786,53,HR,Chennai,96182,17,3.5
787,Employee_787,43,HR,Guntur,111944,10,3.3
788,Employee_788,39,HR,Bangalore,94533,15,5.0
789,Employee_789,21,IT,Pune,70351,14,3.1
790,Employee_790,60,Marketing,Guntur,30226,10,3.5
791,Employee_791,28,Finance,Vijayawada,95809,9,2.6
792,Employee_792,54,Sales,Bangalore,91680,14,3.7
793,Employee_793,39,HR,Vijayawada,92357,2,4.9
794,Employee_794,31,Marketing,Bangalore,25960,20,2.7
795,Employee_795,34,Finance,Hyderabad,51945,17,4.6
796,Employee_796,48,IT,Pune,114921,4,2.6
797,Employee_797,42,IT,Hyderabad,34600,1,2.9
798,Employee_798,37,Marketing,Hyderabad,100361,7,4.8
799,Employee_799,47,Finance,Chennai,107603,12,3.6
800,Employee_800,22,Finance,Pune,40506,17,2.5
801,Employee_801,60,IT,Pune,101756,1,4.3
802,Employee_802,25,Sales,Bangalore,38911,9,4.5
803,Employee_803,40,Marketing,Hyderabad,61899,14,3.5
804,Employee_804,22,Finance,Guntur,94922,7,2.8
805,Employee_805,46,Marketing,Vijayawada,108105,4,3.2
806,Employee_806,44,IT,Bangalore,97754,4,2.8
807,Employee_807,21,Marketing,Bangalore,76653,17,3.9
808,Employee_808,26,Sales,Guntur,70069,6,3.5
809,Employee_809,53,HR,Guntur,49116,7,4.0
810,Employee_810,37,HR,Hyderabad,48770,18,4.6
811,Employee_811,56,Finance,Pune,97045,2,3.2
812,Employee_812,25,Sales,Hyderabad,50875,18,3.7
813,Employee_813,42,Sales,Guntur,112988,20,3.1
814,Employee_814,39,Marketing,Hyderabad,50362,10,3.7
815,Employee_815,42,Marketing,Pune,65065,18,2.9
816,Employee_816,57,Sales,Vijayawada,81139,5,2.5
817,Employee_817,36,HR,Pune,108995,13,3.2
818,Employee_818,44,HR,Pune,68458,15,3.7
819,Employee_819,43,Sales,Chennai,97308,3,2.9
820,Employee_820,59,IT,Vijayawada,43350,17,3.0
821,Employee_821,25,IT,Hyderabad,91476,20,2.6
822,Employee_822,58,Marketing,Chennai,102337,6,4.8
823,Employee_823,56,Sales,Bangalore,95736,15,4.1
824,Employee_824,30,Sales,Chennai,54269,18,4.3
825,Employee_825,39,HR,Chennai,90683,16,2.7
826,Employee_826,44,Marketing,Hyderabad,111858,7,4.6
827,Employee_827,60,HR,Bangalore,43398,14,2.9
828,Employee_828,57,Marketing,Pune,44162,15,4.8
829,Employee_829,23,HR,Chennai,55375,2,3.2
830,Employee_830,35,IT,Pune,52102,16,4.8
831,Employee_831,44,Finance,Chennai,84591,1,2.6
832,Employee_832,41,IT,Pune,93337,20,4.6
833,Employee_833,37,Marketing,Bangalore,99732,5,3.4
834,Employee_834,45,Sales,Bangalore,110634,2,3.8
835,Employee_835,45,HR,Bangalore,78194,11,4.5
836,Employee_836,43,Finance,Chennai,104195,0,3.8
837,Employee_837,29,Finance,Guntur,55145,2,3.8
838,Employee_838,38,HR,Guntur,49498,5,3.4
839,Employee_839,28,HR,Chennai,68283,3,3.7
840,Employee_840,51,Finance,Guntur,102436,5,4.1
841,Employee_841,47,IT,Guntur,30655,4,3.9
842,Employee_842,31,HR,Pune,92193,1,4.7
843,Employee_843,30,IT,Guntur,58850,5,3.8
844,Employee_844,46,Marketing,Bangalore,108574,0,4.7
845,Employee_845,39,IT,Guntur,83877,19,5.0
846,Employee_846,51,HR,Guntur,78840,19,2.9
847,Employee_847,58,HR,Bangalore,111461,16,3.2
848,Employee_848,42,Finance,Bangalore,102410,2,3.1
849,Employee_849,45,HR,Hyderabad,27170,6,3.8
850,Employee_850,53,Finance,Guntur,104365,3,2.9
851,Employee_851,60,Marketing,Hyderabad,94655,16,4.4
852,Employee_852,26,Finance,Pune,42082,19,3.8
853,Employee_853,21,Finance,Bangalore,80139,11,4.7
854,Employee_854,54,Finance,Guntur,88192,12,3.4
855,Employee_855,57,IT,Chennai,42548,8,3.7
856,Employee_856,35,IT,Vijayawada,103419,17,3.5
857,Employee_857,33,IT,Pune,25932,18,3.8
858,Employee_858,54,IT,Chennai,110792,6,4.2
859,Employee_859,41,Finance,Vijayawada,38970,4,3.6
860,Employee_860,58,Sales,Vijayawada,95268,13,3.9
861,Employee_861,60,Sales,Pune,77095,6,3.5
862,Employee_862,56,Finance,Guntur,73524,17,3.9
863,Employee_863,37,Sales,Bangalore,70135,12,4.3
864,Employee_864,28,HR,Chennai,116660,5,2.8
865,Employee_865,53,Finance,Vijayawada,97165,19,4.2
866,Employee_866,24,HR,Chennai,108345,0,4.5
867,Employee_867,30,Finance,Bangalore,82065,2,2.7
868,Employee_868,35,Sales,Hyderabad,104826,1,4.3
869,Employee_869,46,Marketing,Pune,93289,9,4.3
870,Employee_870,59,IT,Guntur,108924,15,3.6
871,Employee_871,33,Marketing,Vijayawada,50525,1,4.5
872,Employee_872,53,Marketing,Pune,55365,19,2.9
873,Employee_873,23,Sales,Guntur,110854,0,4.9
874,Employee_874,26,Sales,Chennai,71285,12,3.5
875,Employee_875,33,Marketing,Hyderabad,117225,2,4.8
876,Employee_876,56,Sales,Pune,98284,18,3.4
877,Employee_877,38,HR,Bangalore,50496,14,4.8
878,Employee_878,57,IT,Vijayawada,47942,13,3.8
879,Employee_879,56,IT,Bangalore,63568,10,4.9
880,Employee_880,53,Sales,Bangalore,100352,8,4.2
881,Employee_881,45,Marketing,Chennai,56886,10,4.9
882,Employee_882,50,Finance,Bangalore,28584,15,2.8
883,Employee_883,25,Finance,Pune,53885,7,4.5
884,Employee_884,47,Sales,Bangalore,95208,0,4.3
885,Employee_885,37,HR,Vijayawada,37190,12,4.2
886,Employee_886,42,IT,Bangalore,48394,15,3.3
887,Employee_887,34,Marketing,Vijayawada,48957,6,3.7
888,Employee_888,33,HR,Pune,56726,8,3.0
889,Employee_889,33,HR,Bangalore,71665,4,4.4
890,Employee_890,28,IT,Pune,111956,15,4.0
891,Employee_891,55,IT,Chennai,73653,19,3.3
892,Employee_892,57,Sales,Chennai,48969,16,3.2
893,Employee_893,35,Marketing,Guntur,32097,16,4.5
894,Employee_894,51,Marketing,Hyderabad,90860,11,3.5
895,Employee_895,32,Finance,Hyderabad,116520,16,3.7
896,Employee_896,21,IT,Pune,52623,12,4.0
897,Employee_897,41,Sales,Bangalore,59039,5,3.9
898,Employee_898,36,Sales,Chennai,105358,10,3.4
899,Employee_899,52,Finance,Guntur,79931,11,3.4
900,Employee_900,46,Sales,Chennai,48578,18,2.8
901,Employee_901,57,HR,Hyderabad,119478,8,4.5
902,Employee_902,56,Finance,Chennai,50698,4,4.5
903,Employee_903,30,Finance,Hyderabad,48148,13,3.7
904,Employee_904,54,Marketing,Pune,66383,15,3.3
905,Employee_905,56,Marketing,Hyderabad,77219,3,4.2
906,Employee_906,24,HR,Vijayawada,87460,20,2.7
907,Employee_907,42,Sales,Vijayawada,72226,17,3.9
908,Employee_908,37,Sales,Hyderabad,78970,3,3.4
909,Employee_909,59,HR,Bangalore,100483,20,4.1
910,Employee_910,32,Sales,Vijayawada,67610,16,3.7
911,Employee_911,49,IT,Chennai,105434,9,3.7
912,Employee_912,30,HR,Pune,69222,13,4.1
913,Employee_913,57,Finance,Hyderabad,35369,5,3.4
914,Employee_914,41,Sales,Pune,63188,8,4.0
915,Employee_915,46,Sales,Chennai,72600,18,3.8
916,Employee_916,49,Finance,Guntur,49102,0,2.8
917,Employee_917,36,Sales,Pune,116841,2,3.0
918,Employee_918,46,IT,Hyderabad,33361,15,3.9
919,Employee_919,22,Finance,Bangalore,35911,3,3.2
920,Employee_920,30,IT,Pune,76097,9,3.1
921,Employee_921,39,Finance,Pune,41569,4,3.8
922,Employee_922,31,IT,Hyderabad,111972,11,4.7
923,Employee_923,41,Finance,Chennai,95855,8,3.9
924,Employee_924,29,Marketing,Guntur,102441,19,3.6
925,Employee_925,57,Finance,Bangalore,108858,20,3.8
926,Employee_926,43,Finance,Bangalore,54770,2,3.6
927,Employee_927,44,Finance,Vijayawada,45410,9,2.5
928,Employee_928,54,HR,Vijayawada,62586,15,3.8
929,Employee_929,52,Finance,Vijayawada,26197,13,4.5
930,Employee_930,59,HR,Hyderabad,96855,11,3.0
931,Employee_931,56,Finance,Chennai,57754,5,4.3
932,Employee_932,45,Finance,Guntur,59469,2,3.6
933,Employee_933,36,Marketing,Bangalore,115954,8,3.2
934,Employee_934,55,Sales,Chennai,49641,2,3.0
935,Employee_935,39,IT,Pune,84682,19,3.6
936,Employee_936,60,Finance,Guntur,67027,0,2.9
937,Employee_937,55,IT,Guntur,38405,9,3.2
938,Employee_938,49,IT,Guntur,36822,4,2.5
939,Employee_939,34,Sales,Chennai,65838,15,5.0
940,Employee_940,50,IT,Vijayawada,35515,4,2.6
941,Employee_941,46,IT,Bangalore,86623,5,3.0
942,Employee_942,37,Finance,Hyderabad,40985,7,3.5
943,Employee_943,49,HR,Pune,29392,6,3.7
944,Employee_944,27,Marketing,Pune,52321,15,3.5
945,Employee_945,40,Sales,Guntur,107465,1,4.4
946,Employee_946,56,Marketing,Hyderabad,58202,15,4.1
947,Employee_947,33,Sales,Hyderabad,112385,6,4.9
948,Employee_948,36,Finance,Vijayawada,26974,5,4.5
949,Employee_949,58,IT,Chennai,56862,0,4.9
950,Employee_950,58,Finance,Pune,103146,4,3.4
951,Employee_951,26,HR,Guntur,90525,2,4.2
952,Employee_952,42,IT,Hyderabad,71598,20,2.9
953,Employee_953,55,IT,Guntur,88942,7,3.3
954,Employee_954,56,Sales,Chennai,50292,0,4.2
955,Employee_955,43,HR,Vijayawada,30175,15,4.3
956,Employee_956,56,Sales,Bangalore,116362,15,3.0
957,Employee_957,32,Marketing,Vijayawada,67425,14,3.2
958,Employee_958,59,Marketing,Guntur,34027,16,2.9
959,Employee_959,39,Sales,Bangalore,73118,14,2.5
960,Employee_960,53,Finance,Pune,49318,0,4.0
961,Employee_961,44,Marketing,Guntur,67034,2,4.1
962,Employee_962,55,Finance,Guntur,93690,15,4.4
963,Employee_963,30,Marketing,Vijayawada,67283,13,4.1
964,Employee_964,28,IT,Bangalore,111362,2,2.6
965,Employee_965,29,HR,Hyderabad,51486,3,3.7
966,Employee_966,27,IT,Bangalore,109115,12,4.1
967,Employee_967,54,Marketing,Pune,102371,8,2.6
968,Employee_968,35,Marketing,Pune,34289,0,4.8
969,Employee_969,34,Finance,Hyderabad,86349,20,2.7
970,Employee_970,56,Finance,Vijayawada,117855,1,4.6
971,Employee_971,38,Marketing,Hyderabad,34225,9,2.7
972,Employee_972,34,Marketing,Hyderabad,38267,7,3.8
973,Employee_973,33,HR,Bangalore,111098,7,3.9
974,Employee_974,32,Marketing,Pune,98156,13,4.4
975,Employee_975,57,Sales,Pune,85125,13,4.7
976,Employee_976,31,HR,Bangalore,77632,16,3.3
977,Employee_977,31,Marketing,Bangalore,83066,11,4.8
978,Employee_978,56,Sales,Vijayawada,79046,20,3.6
979,Employee_979,41,Marketing,Guntur,98812,17,3.0
980,Employee_980,56,Sales,Vijayawada,84297,14,4.9
981,Employee_981,21,IT,Vijayawada,103087,0,3.8
982,Employee_982,40,IT,Vijayawada,54083,6,4.6
983,Employee_983,22,Sales,Bangalore,92013,17,3.9
984,Employee_984,57,HR,Hyderabad,29946,14,3.4
985,Employee_985,29,Sales,Vijayawada,101304,7,3.1
986,Employee_986,40,IT,Bangalore,77402,18,4.8
987,Employee_987,25,Sales,Chennai,47662,15,4.6
988,Employee_988,57,IT,Bangalore,109181,9,2.6
989,Employee_989,57,Finance,Hyderabad,32329,10,3.4
990,Employee_990,48,Finance,Hyderabad,54716,20,4.6
991,Employee_991,21,Finance,Hyderabad,64948,16,2.6
992,Employee_992,55,Marketing,Guntur,67838,16,4.2
993,Employee_993,30,IT,Pune,76495,14,4.4
994,Employee_994,57,Marketing,Hyderabad,54109,13,3.2
995,Employee_995,46,HR,Guntur,69062,2,3.7
996,Employee_996,24,Marketing,Chennai,59413,2,3.5
997,Employee_997,48,HR,Guntur,88035,17,3.0
998,Employee_998,46,Marketing,Guntur,98553,19,5.0
999,Employee_999,54,HR,Guntur,34390,8,4.4
1000,Employee_1000,41,Marketing,Hyderabad,39749,13,3.6
